{
  "IcoMoonType": "selection",
  "icons": [
    {
      "icon": {
        "paths": [
          "M30.208 2.839c-4.515 1.303-13.172 7.308-19.223 13.359l-10.985 10.985v80.198l10.612 10.612c20.34 20.34-49.292 18.665 745.379 17.92l707.398-0.605 13.033-7.215 13.033-7.261v-107.985l-25.786-12.847-712.611 0.233c-445.905 0.14-715.683 1.117-720.849 2.607zM34.164 434.409c-11.497 3.491-23.738 12.288-29.091 20.899-4.515 7.354-5.073 12.288-5.073 45.196 0 32.116 0.652 37.981 4.841 44.823 6.935 11.357 23.505 20.108 43.66 23.040 23.738 3.444 1378.583 3.444 1402.275 0 9.449-1.35 21.737-4.98 27.322-8.052l10.1-5.585v-109.056l-22.342-12.474-712.425-0.419c-391.866-0.233-715.543 0.512-719.267 1.629zM39.005 866.583c-13.731 3.258-22.388 8.332-31.185 18.339l-7.82 8.937v79.919l10.612 10.612c20.34 20.294-49.292 18.618 745.379 17.92 665.367-0.605 707.91-0.884 716.102-4.934 18.339-9.123 17.361-5.446 17.361-64.698v-53.527l-28.532-14.010-706.281-0.372c-407.924-0.233-710.191 0.512-715.636 1.815z"
        ],
        "attrs": [
          {}
        ],
        "width": 1489,
        "isMulticolor": false,
        "isMulticolor2": false,
        "grid": 0,
        "tags": [
          "menu-converted"
        ]
      },
      "attrs": [
        {}
      ],
      "properties": {
        "order": 77,
        "id": 0,
        "name": "menu-converted",
        "prevSize": 32
      },
      "setIdx": 0,
      "setId": 3,
      "iconIdx": 0
    }
  ],
  "height": 1024,
  "preferences": {
    "showGlyphs": true,
    "showQuickUse": true,
    "showQuickUse2": true,
    "showSVGs": true,
    "fontPref": {
      "prefix": "icon-",
      "metadata": {
        "fontFamily": "icomoon"
      },
      "metrics": {
        "emSize": 1024,
        "baseline": 6.25,
        "whitespace": 50
      },
      "embed": false
    },
    "imagePref": {
      "prefix": "",
      "png": false,
      "useClassSelector": true,
      "color": 0,
      "bgColor": 16777215,
      "classSelector": ".icon",
      "name": "icons",
      "height": 32,
      "columns": 16,
      "margin": 16
    },
    "historySize": 50,
    "showCodes": true,
    "gridSize": 16
  }
}